﻿"INDICATOR_CODE","INDICATOR_NAME","SOURCE_NOTE","SOURCE_ORGANIZATION",
"SL.WAG.0714.ZS","Children in employment, wage workers (% of children in employment, ages 7-14)","Wage workers (also known as employees) are people who hold explicit (written or oral) or implicit employment contracts that provide basic remuneration that does not depend directly on the revenue of the unit for which they work.","Understanding Children's Work project based on data from ILO, UNICEF and the World Bank.",
"SL.WAG.0714.MA.ZS","Children in employment, wage workers, male (% of male children in employment, ages 7-14)","Wage workers (also known as employees) are people who hold explicit (written or oral) or implicit employment contracts that provide basic remuneration that does not depend directly on the revenue of the unit for which they work.","Understanding Children's Work project based on data from ILO, UNICEF and the World Bank.",
"SL.WAG.0714.FE.ZS","Children in employment, wage workers, female (% of female children in employment, ages 7-14)","Wage workers (also known as employees) are people who hold explicit (written or oral) or implicit employment contracts that provide basic remuneration that does not depend directly on the revenue of the unit for which they work.","Understanding Children's Work project based on data from ILO, UNICEF and the World Bank.",
"SL.UEM.TOTL.ZS","Unemployment, total (% of total labor force) (modeled ILO estimate)","Unemployment refers to the share of the labor force that is without work but available for and seeking employment.","International Labour Organization, ILOSTAT database. Data retrieved in April 2019.",
"SL.UEM.TOTL.NE.ZS","Unemployment, total (% of total labor force) (national estimate)","Unemployment refers to the share of the labor force that is without work but available for and seeking employment. Definitions of labor force and unemployment differ by country.","International Labour Organization, ILOSTAT database. Data retrieved in April 2019.",
"SL.UEM.TOTL.MA.ZS","Unemployment, male (% of male labor force) (modeled ILO estimate)","Unemployment refers to the share of the labor force that is without work but available for and seeking employment.","International Labour Organization, ILOSTAT database. Data retrieved in April 2019.",
"SL.UEM.TOTL.MA.NE.ZS","Unemployment, male (% of male labor force) (national estimate)","Unemployment refers to the share of the labor force that is without work but available for and seeking employment. Definitions of labor force and unemployment differ by country.","International Labour Organization, ILOSTAT database. Data retrieved in April 2019.",
"SL.UEM.TOTL.FE.ZS","Unemployment, female (% of female labor force) (modeled ILO estimate)","Unemployment refers to the share of the labor force that is without work but available for and seeking employment.","International Labour Organization, ILOSTAT database. Data retrieved in April 2019.",
"SL.UEM.TOTL.FE.NE.ZS","Unemployment, female (% of female labor force) (national estimate)","Unemployment refers to the share of the labor force that is without work but available for and seeking employment. Definitions of labor force and unemployment differ by country.","International Labour Organization, ILOSTAT database. Data retrieved in April 2019.",
"SL.UEM.NEET.ZS","Share of youth not in education, employment or training, total (% of youth population)","Share of youth not in education, employment or training (NEET) is the proportion of young people who are not in education, employment, or training to the population of the corresponding age group: youth (ages 15 to 24); persons ages 15 to 29; or both age groups.","International Labour Organization, ILOSTAT database. Data retrieved in April 2019.",
"SL.UEM.NEET.MA.ZS","Share of youth not in education, employment or training, male (% of male youth population)","Share of youth not in education, employment or training (NEET) is the proportion of young people who are not in education, employment, or training to the population of the corresponding age group: youth (ages 15 to 24); persons ages 15 to 29; or both age groups.","International Labour Organization, ILOSTAT database. Data retrieved in April 2019.",
"SL.UEM.NEET.FE.ZS","Share of youth not in education, employment or training, female (% of female youth population)","Share of youth not in education, employment or training (NEET) is the proportion of young people who are not in education, employment, or training to the population of the corresponding age group: youth (ages 15 to 24); persons ages 15 to 29; or both age groups.","International Labour Organization, ILOSTAT database. Data retrieved in April 2019.",
"SL.UEM.INTM.ZS","Unemployment with intermediate education (% of total labor force with intermediate education)","The percentage of the labor force with an intermediate level of education who are unemployed. Intermediate education comprises upper secondary or post-secondary non tertiary education according to the International Standard Classification of Education 2011 (ISCED 2011).","International Labour Organization, ILOSTAT database. Data retrieved in April 2019.",
"SL.UEM.INTM.MA.ZS","Unemployment with intermediate education, male (% of male labor force with intermediate education)","The percentage of the labor force with an intermediate level of education who are unemployed. Intermediate education comprises upper secondary or post-secondary non tertiary education according to the International Standard Classification of Education 2011 (ISCED 2011).","International Labour Organization, ILOSTAT database. Data retrieved in April 2019.",
"SL.UEM.INTM.FE.ZS","Unemployment with intermediate education, female (% of female labor force with intermediate education)","The percentage of the labor force with an intermediate level of education who are unemployed. Intermediate education comprises upper secondary or post-secondary non tertiary education according to the International Standard Classification of Education 2011 (ISCED 2011).","International Labour Organization, ILOSTAT database. Data retrieved in April 2019.",
"SL.UEM.BASC.ZS","Unemployment with basic education (% of total labor force with basic education)","The percentage of the labor force with a basic level of education who are unemployed. Basic education comprises primary education or lower secondary education according to the International Standard Classification of Education 2011 (ISCED 2011).","International Labour Organization, ILOSTAT database. Data retrieved in April 2019.",
"SL.UEM.BASC.MA.ZS","Unemployment with basic education, male (% of male labor force with basic education)","The percentage of the labor force with a basic level of education who are unemployed. Basic education comprises primary education or lower secondary education according to the International Standard Classification of Education 2011 (ISCED 2011).","International Labour Organization, ILOSTAT database. Data retrieved in April 2019.",
"SL.UEM.BASC.FE.ZS","Unemployment with basic education, female (% of female labor force with basic education)","The percentage of the labor force with a basic level of education who are unemployed. Basic education comprises primary education or lower secondary education according to the International Standard Classification of Education 2011 (ISCED 2011).","International Labour Organization, ILOSTAT database. Data retrieved in April 2019.",
"SL.UEM.ADVN.ZS","Unemployment with advanced education (% of total labor force with advanced education)","The percentage of the labor force with an advanced level of education who are unemployed. Advanced education comprises short-cycle tertiary education, a bachelor’s degree or equivalent education level, a master’s degree or equivalent education level, or doctoral degree or equivalent education level according to the International Standard Classification of Education 2011 (ISCED 2011).","International Labour Organization, ILOSTAT database. Data retrieved in April 2019.",
"SL.UEM.ADVN.MA.ZS","Unemployment with advanced education, male (% of male labor force with advanced education)","The percentage of the labor force with an advanced level of education who are unemployed. Advanced education comprises short-cycle tertiary education, a bachelor’s degree or equivalent education level, a master’s degree or equivalent education level, or doctoral degree or equivalent education level according to the International Standard Classification of Education 2011 (ISCED 2011).","International Labour Organization, ILOSTAT database. Data retrieved in April 2019.",
"SL.UEM.ADVN.FE.ZS","Unemployment with advanced education, female (% of female labor force with advanced education)","The percentage of the labor force with an advanced level of education who are unemployed. Advanced education comprises short-cycle tertiary education, a bachelor’s degree or equivalent education level, a master’s degree or equivalent education level, or doctoral degree or equivalent education level according to the International Standard Classification of Education 2011 (ISCED 2011).","International Labour Organization, ILOSTAT database. Data retrieved in April 2019.",
"SL.UEM.1524.ZS","Unemployment, youth total (% of total labor force ages 15-24) (modeled ILO estimate)","Youth unemployment refers to the share of the labor force ages 15-24 without work but available for and seeking employment.","International Labour Organization, ILOSTAT database. Data retrieved in April 2019.",
"SL.UEM.1524.NE.ZS","Unemployment, youth total (% of total labor force ages 15-24) (national estimate)","Youth unemployment refers to the share of the labor force ages 15-24 without work but available for and seeking employment. Definitions of labor force and unemployment differ by country.","International Labour Organization, ILOSTAT database. Data retrieved in April 2019.",
"SL.UEM.1524.MA.ZS","Unemployment, youth male (% of male labor force ages 15-24) (modeled ILO estimate)","Youth unemployment refers to the share of the labor force ages 15-24 without work but available for and seeking employment.","International Labour Organization, ILOSTAT database. Data retrieved in April 2019.",
"SL.UEM.1524.MA.NE.ZS","Unemployment, youth male (% of male labor force ages 15-24) (national estimate)","Youth unemployment refers to the share of the labor force ages 15-24 without work but available for and seeking employment. Definitions of labor force and unemployment differ by country.","International Labour Organization, ILOSTAT database. Data retrieved in April 2019.",
"SL.UEM.1524.FE.ZS","Unemployment, youth female (% of female labor force ages 15-24) (modeled ILO estimate)","Youth unemployment refers to the share of the labor force ages 15-24 without work but available for and seeking employment.","International Labour Organization, ILOSTAT database. Data retrieved in April 2019.",
"SL.UEM.1524.FE.NE.ZS","Unemployment, youth female (% of female labor force ages 15-24) (national estimate)","Youth unemployment refers to the share of the labor force ages 15-24 without work but available for and seeking employment. Definitions of labor force and unemployment differ by country.","International Labour Organization, ILOSTAT database. Data retrieved in April 2019.",
"SL.TLF.TOTL.IN","Labor force, total","Labor force comprises people ages 15 and older who supply labor for the production of goods and services during a specified period. It includes people who are currently employed and people who are unemployed but seeking work as well as first-time job-seekers. Not everyone who works is included, however. Unpaid workers, family workers, and students are often omitted, and some countries do not count members of the armed forces. Labor force size tends to vary during the year as seasonal workers enter and leave.","Derived using data from International Labour Organization, ILOSTAT database and World Bank population estimates. Labor data retrieved in April 2019.",
"SL.TLF.TOTL.FE.ZS","Labor force, female (% of total labor force)","Female labor force as a percentage of the total show the extent to which women are active in the labor force. Labor force comprises people ages 15 and older who supply labor for the production of goods and services during a specified period.","Derived using data from International Labour Organization, ILOSTAT database and World Bank population estimates. Labor data retrieved in April 2019.",
"SL.TLF.PART.ZS","Part time employment, total (% of total employment)","Part time employment refers to regular employment in which working time is substantially less than normal. Definitions of part time employment differ by country.","International Labour Organization, ILOSTAT database. Data retrieved in April 2019.",
"SL.TLF.PART.MA.ZS","Part time employment, male (% of total male employment)","Part time employment refers to regular employment in which working time is substantially less than normal. Definitions of part time employment differ by country.","International Labour Organization, ILOSTAT database. Data retrieved in April 2019.",
"SL.TLF.PART.FE.ZS","Part time employment, female (% of total female employment)","Part time employment refers to regular employment in which working time is substantially less than normal. Definitions of part time employment differ by country.","International Labour Organization, ILOSTAT database. Data retrieved in April 2019.",
"SL.TLF.INTM.ZS","Labor force with intermediate education (% of total working-age population with intermediate education)","The percentage of the working age population with an intermediate level of education who are in the labor force. Intermediate education comprises upper secondary or post-secondary non tertiary education according to the International Standard Classification of Education 2011 (ISCED 2011).","International Labour Organization, ILOSTAT database. Data retrieved in April 2019.",
"SL.TLF.INTM.MA.ZS","Labor force with intermediate education, male (% of male working-age population with intermediate education)","The percentage of the working age population with an intermediate level of education who are in the labor force. Intermediate education comprises upper secondary or post-secondary non tertiary education according to the International Standard Classification of Education 2011 (ISCED 2011).","International Labour Organization, ILOSTAT database. Data retrieved in April 2019.",
"SL.TLF.INTM.FE.ZS","Labor force with intermediate education, female (% of female working-age population with intermediate education)","The percentage of the working age population with an intermediate level of education who are in the labor force. Intermediate education comprises upper secondary or post-secondary non tertiary education according to the International Standard Classification of Education 2011 (ISCED 2011).","International Labour Organization, ILOSTAT database. Data retrieved in April 2019.",
"SL.TLF.CACT.ZS","Labor force participation rate, total (% of total population ages 15+) (modeled ILO estimate)","Labor force participation rate is the proportion of the population ages 15 and older that is economically active: all people who supply labor for the production of goods and services during a specified period.","International Labour Organization, ILOSTAT database. Data retrieved in April 2019.",
"SL.TLF.CACT.NE.ZS","Labor force participation rate, total (% of total population ages 15+) (national estimate)","Labor force participation rate is the proportion of the population ages 15 and older that is economically active: all people who supply labor for the production of goods and services during a specified period.","International Labour Organization, ILOSTAT database. Data retrieved in April 2019.",
"SL.TLF.CACT.MA.ZS","Labor force participation rate, male (% of male population ages 15+) (modeled ILO estimate)","Labor force participation rate is the proportion of the population ages 15 and older that is economically active: all people who supply labor for the production of goods and services during a specified period.","International Labour Organization, ILOSTAT database. Data retrieved in April 2019.",
"SL.TLF.CACT.MA.NE.ZS","Labor force participation rate, male (% of male population ages 15+) (national estimate)","Labor force participation rate is the proportion of the population ages 15 and older that is economically active: all people who supply labor for the production of goods and services during a specified period.","International Labour Organization, ILOSTAT database. Data retrieved in April 2019.",
"SL.TLF.CACT.FM.ZS","Ratio of female to male labor force participation rate (%) (modeled ILO estimate)","Labor force participation rate is the proportion of the population ages 15 and older that is economically active: all people who supply labor for the production of goods and services during a specified period. Ratio of female to male labor force participation rate is calculated by dividing female labor force participation rate by male labor force participation rate and multiplying by 100.","Derived using data from International Labour Organization, ILOSTAT database. Data retrieved in April 2019.",
"SL.TLF.CACT.FM.NE.ZS","Ratio of female to male labor force participation rate (%) (national estimate)","Labor force participation rate is the proportion of the population ages 15 and older that is economically active: all people who supply labor for the production of goods and services during a specified period. Ratio of female to male labor force participation rate is calculated by dividing female labor force participation rate by male labor force participation rate and multiplying by 100.","Derived using data from International Labour Organization, ILOSTAT database. Data retrieved in April 2019.",
"SL.TLF.CACT.FE.ZS","Labor force participation rate, female (% of female population ages 15+) (modeled ILO estimate)","Labor force participation rate is the proportion of the population ages 15 and older that is economically active: all people who supply labor for the production of goods and services during a specified period.","International Labour Organization, ILOSTAT database. Data retrieved in April 2019.",
"SL.TLF.CACT.FE.NE.ZS","Labor force participation rate, female (% of female population ages 15+) (national estimate)","Labor force participation rate is the proportion of the population ages 15 and older that is economically active: all people who supply labor for the production of goods and services during a specified period.","International Labour Organization, ILOSTAT database. Data retrieved in April 2019.",
"SL.TLF.BASC.ZS","Labor force with basic education (% of total working-age population with basic education)","The percentage of the working age population with a basic level of education who are in the labor force. Basic education comprises primary education or lower secondary education according to the International Standard Classification of Education 2011 (ISCED 2011).","International Labour Organization, ILOSTAT database. Data retrieved in April 2019.",
"SL.TLF.BASC.MA.ZS","Labor force with basic education, male (% of male working-age population with basic education)","The percentage of the working age population with a basic level of education who are in the labor force. Basic education comprises primary education or lower secondary education according to the International Standard Classification of Education 2011 (ISCED 2011).","International Labour Organization, ILOSTAT database. Data retrieved in April 2019.",
"SL.TLF.BASC.FE.ZS","Labor force with basic education, female (% of female working-age population with basic education)","The percentage of the working age population with a basic level of education who are in the labor force. Basic education comprises primary education or lower secondary education according to the International Standard Classification of Education 2011 (ISCED 2011).","International Labour Organization, ILOSTAT database. Data retrieved in April 2019.",
"SL.TLF.ADVN.ZS","Labor force with advanced education (% of total working-age population with advanced education)","The percentage of the working age population with an advanced level of education who are in the labor force. Advanced education comprises short-cycle tertiary education, a bachelor’s degree or equivalent education level, a master’s degree or equivalent education level, or doctoral degree or equivalent education level according to the International Standard Classification of Education 2011 (ISCED 2011).","International Labour Organization, ILOSTAT database. Data retrieved in April 2019.",
"SL.TLF.ADVN.MA.ZS","Labor force with advanced education, male (% of male working-age population with advanced education)","The percentage of the working age population with an advanced level of education who are in the labor force. Advanced education comprises short-cycle tertiary education, a bachelor’s degree or equivalent education level, a master’s degree or equivalent education level, or doctoral degree or equivalent education level according to the International Standard Classification of Education 2011 (ISCED 2011).","International Labour Organization, ILOSTAT database. Data retrieved in April 2019.",
"SL.TLF.ADVN.FE.ZS","Labor force with advanced education, female (% of female working-age population with advanced education)","The percentage of the working age population with an advanced level of education who are in the labor force. Advanced education comprises short-cycle tertiary education, a bachelor’s degree or equivalent education level, a master’s degree or equivalent education level, or doctoral degree or equivalent education level according to the International Standard Classification of Education 2011 (ISCED 2011).","International Labour Organization, ILOSTAT database. Data retrieved in April 2019.",
"SL.TLF.ACTI.ZS","Labor force participation rate, total (% of total population ages 15-64) (modeled ILO estimate)","Labor force participation rate is the proportion of the population ages 15-64 that is economically active: all people who supply labor for the production of goods and services during a specified period.","International Labour Organization, ILOSTAT database. Data retrieved in April 2019.",
"SL.TLF.ACTI.MA.ZS","Labor force participation rate, male (% of male population ages 15-64) (modeled ILO estimate)","Labor force participation rate is the proportion of the population ages 15-64 that is economically active: all people who supply labor for the production of goods and services during a specified period.","International Labour Organization, ILOSTAT database. Data retrieved in April 2019.",
"SL.TLF.ACTI.FE.ZS","Labor force participation rate, female (% of female population ages 15-64) (modeled ILO estimate)","Labor force participation rate is the proportion of the population ages 15-64 that is economically active: all people who supply labor for the production of goods and services during a specified period.","International Labour Organization, ILOSTAT database. Data retrieved in April 2019.",
"SL.TLF.ACTI.1524.ZS","Labor force participation rate for ages 15-24, total (%) (modeled ILO estimate)","Labor force participation rate for ages 15-24 is the proportion of the population ages 15-24 that is economically active: all people who supply labor for the production of goods and services during a specified period.","International Labour Organization, ILOSTAT database. Data retrieved in April 2019.",
"SL.TLF.ACTI.1524.NE.ZS","Labor force participation rate for ages 15-24, total (%) (national estimate)","Labor force participation rate for ages 15-24 is the proportion of the population ages 15-24 that is economically active: all people who supply labor for the production of goods and services during a specified period.","International Labour Organization, ILOSTAT database. Data retrieved in April 2019.",
"SL.TLF.ACTI.1524.MA.ZS","Labor force participation rate for ages 15-24, male (%) (modeled ILO estimate)","Labor force participation rate for ages 15-24 is the proportion of the population ages 15-24 that is economically active: all people who supply labor for the production of goods and services during a specified period.","International Labour Organization, ILOSTAT database. Data retrieved in April 2019.",
"SL.TLF.ACTI.1524.MA.NE.ZS","Labor force participation rate for ages 15-24, male (%) (national estimate)","Labor force participation rate for ages 15-24 is the proportion of the population ages 15-24 that is economically active: all people who supply labor for the production of goods and services during a specified period.","International Labour Organization, ILOSTAT database. Data retrieved in April 2019.",
"SL.TLF.ACTI.1524.FE.ZS","Labor force participation rate for ages 15-24, female (%) (modeled ILO estimate)","Labor force participation rate for ages 15-24 is the proportion of the population ages 15-24 that is economically active: all people who supply labor for the production of goods and services during a specified period.","International Labour Organization, ILOSTAT database. Data retrieved in April 2019.",
"SL.TLF.ACTI.1524.FE.NE.ZS","Labor force participation rate for ages 15-24, female (%) (national estimate)","Labor force participation rate for ages 15-24 is the proportion of the population ages 15-24 that is economically active: all people who supply labor for the production of goods and services during a specified period.","International Labour Organization, ILOSTAT database. Data retrieved in April 2019.",
"SL.TLF.0714.ZS","Children in employment, total (% of children ages 7-14)","Children in employment refer to children involved in economic activity for at least one hour in the reference week of the survey.","Understanding Children's Work project based on data from ILO, UNICEF and the World Bank.",
"SL.TLF.0714.WK.ZS","Children in employment, work only (% of children in employment, ages 7-14)","Children in employment refer to children involved in economic activity for at least one hour in the reference week of the survey. Work only refers to children involved in economic activity and not attending school.","Understanding Children's Work project based on data from ILO, UNICEF and the World Bank.",
"SL.TLF.0714.WK.TM","Average working hours of children, working only, ages 7-14 (hours per week)","Average working hours of children working only refers to the average weekly working hours of those children who are involved in economic activity and not attending school.","Understanding Children's Work project based on data from ILO, UNICEF and the World Bank.",
"SL.TLF.0714.WK.MA.ZS","Children in employment, work only, male (% of male children in employment, ages 7-14)","Children in employment refer to children involved in economic activity for at least one hour in the reference week of the survey. Work only refers to children involved in economic activity and not attending school.","Understanding Children's Work project based on data from ILO, UNICEF and the World Bank.",
"SL.TLF.0714.WK.MA.TM","Average working hours of children, working only, male, ages 7-14 (hours per week)","Average working hours of children working only refers to the average weekly working hours of those children who are involved in economic activity and not attending school.","Understanding Children's Work project based on data from ILO, UNICEF and the World Bank.",
"SL.TLF.0714.WK.FE.ZS","Children in employment, work only, female (% of female children in employment, ages 7-14)","Children in employment refer to children involved in economic activity for at least one hour in the reference week of the survey. Work only refers to children involved in economic activity and not attending school.","Understanding Children's Work project based on data from ILO, UNICEF and the World Bank.",
"SL.TLF.0714.WK.FE.TM","Average working hours of children, working only, female, ages 7-14 (hours per week)","Average working hours of children working only refers to the average weekly working hours of those children who are involved in economic activity and not attending school.","Understanding Children's Work project based on data from ILO, UNICEF and the World Bank.",
"SL.TLF.0714.SW.ZS","Children in employment, study and work (% of children in employment, ages 7-14)","Children in employment refer to children involved in economic activity for at least one hour in the reference week of the survey. Study and work refer to children attending school in combination with economic activity.","Understanding Children's Work project based on data from ILO, UNICEF and the World Bank.",
"SL.TLF.0714.SW.TM","Average working hours of children, study and work, ages 7-14 (hours per week)","Average working hours of children studying and working refer to the average weekly working hours of those children who are attending school in combination with economic activity.","Understanding Children's Work project based on data from ILO, UNICEF and the World Bank.",
"SL.TLF.0714.SW.MA.ZS","Children in employment, study and work, male (% of male children in employment, ages 7-14)","Children in employment refer to children involved in economic activity for at least one hour in the reference week of the survey. Study and work refer to children attending school in combination with economic activity.","Understanding Children's Work project based on data from ILO, UNICEF and the World Bank.",
"SL.TLF.0714.SW.MA.TM","Average working hours of children, study and work, male, ages 7-14 (hours per week)","Average working hours of children studying and working refer to the average weekly working hours of those children who are attending school in combination with economic activity.","Understanding Children's Work project based on data from ILO, UNICEF and the World Bank.",
"SL.TLF.0714.SW.FE.ZS","Children in employment, study and work, female (% of female children in employment, ages 7-14)","Children in employment refer to children involved in economic activity for at least one hour in the reference week of the survey. Study and work refer to children attending school in combination with economic activity.","Understanding Children's Work project based on data from ILO, UNICEF and the World Bank.",
"SL.TLF.0714.SW.FE.TM","Average working hours of children, study and work, female, ages 7-14 (hours per week)","Average working hours of children studying and working refer to the average weekly working hours of those children who are attending school in combination with economic activity.","Understanding Children's Work project based on data from ILO, UNICEF and the World Bank.",
"SL.TLF.0714.MA.ZS","Children in employment, male (% of male children ages 7-14)","Children in employment refer to children involved in economic activity for at least one hour in the reference week of the survey.","Understanding Children's Work project based on data from ILO, UNICEF and the World Bank.",
"SL.TLF.0714.FE.ZS","Children in employment, female (% of female children ages 7-14)","Children in employment refer to children involved in economic activity for at least one hour in the reference week of the survey.","Understanding Children's Work project based on data from ILO, UNICEF and the World Bank.",
"SL.SRV.EMPL.ZS","Employment in services (% of total employment) (modeled ILO estimate)","Employment is defined as persons of working age who were engaged in any activity to produce goods or provide services for pay or profit, whether at work during the reference period or not at work due to temporary absence from a job, or to working-time arrangement. The services sector consists of wholesale and retail trade and restaurants and hotels; transport, storage, and communications; financing, insurance, real estate, and business services; and community, social, and personal services, in accordance with divisions 6-9 (ISIC 2) or categories G-Q (ISIC 3) or categories G-U (ISIC 4).","International Labour Organization, ILOSTAT database. Data retrieved in April 2019.",
"SL.SRV.EMPL.MA.ZS","Employment in services, male (% of male employment) (modeled ILO estimate)","Employment is defined as persons of working age who were engaged in any activity to produce goods or provide services for pay or profit, whether at work during the reference period or not at work due to temporary absence from a job, or to working-time arrangement. The services sector consists of wholesale and retail trade and restaurants and hotels; transport, storage, and communications; financing, insurance, real estate, and business services; and community, social, and personal services, in accordance with divisions 6-9 (ISIC 2) or categories G-Q (ISIC 3) or categories G-U (ISIC 4).","International Labour Organization, ILOSTAT database. Data retrieved in April 2019.",
"SL.SRV.EMPL.FE.ZS","Employment in services, female (% of female employment) (modeled ILO estimate)","Employment is defined as persons of working age who were engaged in any activity to produce goods or provide services for pay or profit, whether at work during the reference period or not at work due to temporary absence from a job, or to working-time arrangement. The services sector consists of wholesale and retail trade and restaurants and hotels; transport, storage, and communications; financing, insurance, real estate, and business services; and community, social, and personal services, in accordance with divisions 6-9 (ISIC 2) or categories G-Q (ISIC 3) or categories G-U (ISIC 4).","International Labour Organization, ILOSTAT database. Data retrieved in April 2019.",
"SL.SRV.0714.ZS","Child employment in services (% of economically active children ages 7-14)","Employment by economic activity refers to the distribution of economically active children by the major industrial categories of the International Standard Industrial Classification (ISIC). Services correspond to divisions 6-9 (ISIC revision 2), categories G-P (ISIC revision 3), or categories G-U (ISIC revision 4). Services include wholesale and retail trade, hotels and restaurants, transport, financial intermediation, real estate, public administration, education, health and social work, other community services, and private household activity. Economically active children refer to children involved in economic activity for at least one hour in the reference week of the survey.","Understanding Children's Work project based on data from ILO, UNICEF and the World Bank.",
"SL.SRV.0714.MA.ZS","Child employment in services, male (% of male economically active children ages 7-14)","Employment by economic activity refers to the distribution of economically active children by the major industrial categories of the International Standard Industrial Classification (ISIC). Services correspond to divisions 6-9 (ISIC revision 2), categories G-P (ISIC revision 3), or categories G-U (ISIC revision 4). Services include wholesale and retail trade, hotels and restaurants, transport, financial intermediation, real estate, public administration, education, health and social work, other community services, and private household activity. Economically active children refer to children involved in economic activity for at least one hour in the reference week of the survey.","Understanding Children's Work project based on data from ILO, UNICEF and the World Bank.",
"SL.SRV.0714.FE.ZS","Child employment in services, female (% of female economically active children ages 7-14)","Employment by economic activity refers to the distribution of economically active children by the major industrial categories of the International Standard Industrial Classification (ISIC). Services correspond to divisions 6-9 (ISIC revision 2), categories G-P (ISIC revision 3), or categories G-U (ISIC revision 4). Services include wholesale and retail trade, hotels and restaurants, transport, financial intermediation, real estate, public administration, education, health and social work, other community services, and private household activity. Economically active children refer to children involved in economic activity for at least one hour in the reference week of the survey.","Understanding Children's Work project based on data from ILO, UNICEF and the World Bank.",
"SL.SLF.0714.ZS","Children in employment, self-employed (% of children in employment, ages 7-14)","Self-employed workers are people whose remuneration depends directly on the profits derived from the goods and services they produce, with or without other employees, and include employers, own-account workers, and members of producers cooperatives.","Understanding Children's Work project based on data from ILO, UNICEF and the World Bank.",
"SL.SLF.0714.MA.ZS","Children in employment, self-employed, male (% of male children in employment, ages 7-14)","Self-employed workers are people whose remuneration depends directly on the profits derived from the goods and services they produce, with or without other employees, and include employers, own-account workers, and members of producers cooperatives.","Understanding Children's Work project based on data from ILO, UNICEF and the World Bank.",
"SL.SLF.0714.FE.ZS","Children in employment, self-employed, female (% of female children in employment, ages 7-14)","Self-employed workers are people whose remuneration depends directly on the profits derived from the goods and services they produce, with or without other employees, and include employers, own-account workers, and members of producers cooperatives.","Understanding Children's Work project based on data from ILO, UNICEF and the World Bank.",
"SL.MNF.0714.ZS","Child employment in manufacturing (% of economically active children ages 7-14)","Employment by economic activity refers to the distribution of economically active children by the major industrial categories of the International Standard Industrial Classification (ISIC). Manufacturing corresponds to division 3 (ISIC revision 2), category D (ISIC revision 3), or category C (ISIC revision 4). Economically active children refer to children involved in economic activity for at least one hour in the reference week of the survey.","Understanding Children's Work project based on data from ILO, UNICEF and the World Bank.",
"SL.MNF.0714.MA.ZS","Child employment in manufacturing, male (% of male economically active children ages 7-14)","Employment by economic activity refers to the distribution of economically active children by the major industrial categories of the International Standard Industrial Classification (ISIC). Manufacturing corresponds to division 3 (ISIC revision 2), category D (ISIC revision 3), or category C (ISIC revision 4). Economically active children refer to children involved in economic activity for at least one hour in the reference week of the survey.","Understanding Children's Work project based on data from ILO, UNICEF and the World Bank.",
"SL.MNF.0714.FE.ZS","Child employment in manufacturing, female (% of female economically active children ages 7-14)","Employment by economic activity refers to the distribution of economically active children by the major industrial categories of the International Standard Industrial Classification (ISIC). Manufacturing corresponds to division 3 (ISIC revision 2), category D (ISIC revision 3), or category C (ISIC revision 4). Economically active children refer to children involved in economic activity for at least one hour in the reference week of the survey.","Understanding Children's Work project based on data from ILO, UNICEF and the World Bank.",
"SL.ISV.IFRM.ZS","Informal employment (% of total non-agricultural employment)","Employment in the informal economy as a percentage of total non-agricultural employment. It basically includes all jobs in unregistered and/or small-scale private unincorporated enterprises that produce goods or services meant for sale or barter. Self-employed street vendors, taxi drivers and home-base workers, regardless of size, are all considered enterprises. However, agricultural and related activities, households producing goods exclusively for their own use (e.g. subsistence farming, domestic housework, care work, and employment of paid domestic workers), and volunteer services rendered to the community are excluded.","International Labour Organization, ILOSTAT database. Data retrieved in April 2019.",
"SL.ISV.IFRM.MA.ZS","Informal employment, male (% of total non-agricultural employment)","Employment in the informal economy as a percentage of total non-agricultural employment. It basically includes all jobs in unregistered and/or small-scale private unincorporated enterprises that produce goods or services meant for sale or barter. Self-employed street vendors, taxi drivers and home-base workers, regardless of size, are all considered enterprises. However, agricultural and related activities, households producing goods exclusively for their own use (e.g. subsistence farming, domestic housework, care work, and employment of paid domestic workers), and volunteer services rendered to the community are excluded.","International Labour Organization, ILOSTAT database. Data retrieved in April 2019.",
"SL.ISV.IFRM.FE.ZS","Informal employment, female (% of total non-agricultural employment)","Employment in the informal economy as a percentage of total non-agricultural employment. It basically includes all jobs in unregistered and/or small-scale private unincorporated enterprises that produce goods or services meant for sale or barter. Self-employed street vendors, taxi drivers and home-base workers, regardless of size, are all considered enterprises. However, agricultural and related activities, households producing goods exclusively for their own use (e.g. subsistence farming, domestic housework, care work, and employment of paid domestic workers), and volunteer services rendered to the community are excluded.","International Labour Organization, ILOSTAT database. Data retrieved in April 2019.",
"SL.IND.EMPL.ZS","Employment in industry (% of total employment) (modeled ILO estimate)","Employment is defined as persons of working age who were engaged in any activity to produce goods or provide services for pay or profit, whether at work during the reference period or not at work due to temporary absence from a job, or to working-time arrangement. The industry sector consists of mining and quarrying, manufacturing, construction, and public utilities (electricity, gas, and water), in accordance with divisions 2-5 (ISIC 2) or categories C-F (ISIC 3) or categories B-F (ISIC 4).","International Labour Organization, ILOSTAT database. Data retrieved in April 2019.",
"SL.IND.EMPL.MA.ZS","Employment in industry, male (% of male employment) (modeled ILO estimate)","Employment is defined as persons of working age who were engaged in any activity to produce goods or provide services for pay or profit, whether at work during the reference period or not at work due to temporary absence from a job, or to working-time arrangement. The industry sector consists of mining and quarrying, manufacturing, construction, and public utilities (electricity, gas, and water), in accordance with divisions 2-5 (ISIC 2) or categories C-F (ISIC 3) or categories B-F (ISIC 4).","International Labour Organization, ILOSTAT database. Data retrieved in April 2019.",
"SL.IND.EMPL.FE.ZS","Employment in industry, female (% of female employment) (modeled ILO estimate)","Employment is defined as persons of working age who were engaged in any activity to produce goods or provide services for pay or profit, whether at work during the reference period or not at work due to temporary absence from a job, or to working-time arrangement. The industry sector consists of mining and quarrying, manufacturing, construction, and public utilities (electricity, gas, and water), in accordance with divisions 2-5 (ISIC 2) or categories C-F (ISIC 3) or categories B-F (ISIC 4).","International Labour Organization, ILOSTAT database. Data retrieved in April 2019.",
"SL.GDP.PCAP.EM.KD","GDP per person employed (constant 2011 PPP $)","GDP per person employed is gross domestic product (GDP) divided by total employment in the economy. Purchasing power parity (PPP) GDP is GDP converted to 2011 constant international dollars using PPP rates. An international dollar has the same purchasing power over GDP that a U.S. dollar has in the United States.","International Labour Organization, ILOSTAT database. Data retrieved in April 2019.",
"SL.FAM.WORK.ZS","Contributing family workers, total (% of total employment) (modeled ILO estimate)","Contributing family workers are those workers who hold ""self-employment jobs"" as own-account workers in a market-oriented establishment operated by a related person living in the same household.","International Labour Organization, ILOSTAT database. Data retrieved in April 2019.",
"SL.FAM.WORK.MA.ZS","Contributing family workers, male (% of male employment) (modeled ILO estimate)","Contributing family workers are those workers who hold ""self-employment jobs"" as own-account workers in a market-oriented establishment operated by a related person living in the same household.","International Labour Organization, ILOSTAT database. Data retrieved in April 2019.",
"SL.FAM.WORK.FE.ZS","Contributing family workers, female (% of female employment) (modeled ILO estimate)","Contributing family workers are those workers who hold ""self-employment jobs"" as own-account workers in a market-oriented establishment operated by a related person living in the same household.","International Labour Organization, ILOSTAT database. Data retrieved in April 2019.",
"SL.FAM.0714.ZS","Children in employment, unpaid family workers (% of children in employment, ages 7-14)","Unpaid family workers are people who work without pay in a market-oriented establishment operated by a related person living in the same household.","Understanding Children's Work project based on data from ILO, UNICEF and the World Bank.",
"SL.FAM.0714.MA.ZS","Children in employment, unpaid family workers, male (% of male children in employment, ages 7-14)","Unpaid family workers are people who work without pay in a market-oriented establishment operated by a related person living in the same household.","Understanding Children's Work project based on data from ILO, UNICEF and the World Bank.",
"SL.FAM.0714.FE.ZS","Children in employment, unpaid family workers, female (% of female children in employment, ages 7-14)","Unpaid family workers are people who work without pay in a market-oriented establishment operated by a related person living in the same household.","Understanding Children's Work project based on data from ILO, UNICEF and the World Bank.",
"SL.EMP.WORK.ZS","Wage and salaried workers, total (% of total employment) (modeled ILO estimate)","Wage and salaried workers (employees) are those workers who hold the type of jobs defined as ""paid employment jobs,"" where the incumbents hold explicit (written or oral) or implicit employment contracts that give them a basic remuneration that is not directly dependent upon the revenue of the unit for which they work.","International Labour Organization, ILOSTAT database. Data retrieved in April 2019.",
"SL.EMP.WORK.MA.ZS","Wage and salaried workers, male (% of male employment) (modeled ILO estimate)","Wage and salaried workers (employees) are those workers who hold the type of jobs defined as ""paid employment jobs,"" where the incumbents hold explicit (written or oral) or implicit employment contracts that give them a basic remuneration that is not directly dependent upon the revenue of the unit for which they work.","International Labour Organization, ILOSTAT database. Data retrieved in April 2019.",
"SL.EMP.WORK.FE.ZS","Wage and salaried workers, female (% of female employment) (modeled ILO estimate)","Wage and salaried workers (employees) are those workers who hold the type of jobs defined as ""paid employment jobs,"" where the incumbents hold explicit (written or oral) or implicit employment contracts that give them a basic remuneration that is not directly dependent upon the revenue of the unit for which they work.","International Labour Organization, ILOSTAT database. Data retrieved in April 2019.",
"SL.EMP.VULN.ZS","Vulnerable employment, total (% of total employment) (modeled ILO estimate)","Vulnerable employment is contributing family workers and own-account workers as a percentage of total employment.","Derived using data from International Labour Organization, ILOSTAT database. Data retrieved in April 2019.",
"SL.EMP.VULN.MA.ZS","Vulnerable employment, male (% of male employment) (modeled ILO estimate)","Vulnerable employment is contributing family workers and own-account workers as a percentage of total employment.","Derived using data from International Labour Organization, ILOSTAT database. Data retrieved in April 2019.",
"SL.EMP.VULN.FE.ZS","Vulnerable employment, female (% of female employment) (modeled ILO estimate)","Vulnerable employment is contributing family workers and own-account workers as a percentage of total employment.","Derived using data from International Labour Organization, ILOSTAT database. Data retrieved in April 2019.",
"SL.EMP.TOTL.SP.ZS","Employment to population ratio, 15+, total (%) (modeled ILO estimate)","Employment to population ratio is the proportion of a country's population that is employed. Employment is defined as persons of working age who, during a short reference period, were engaged in any activity to produce goods or provide services for pay or profit, whether at work during the reference period (i.e. who worked in a job for at least one hour) or not at work due to temporary absence from a job, or to working-time arrangements. Ages 15 and older are generally considered the working-age population.","International Labour Organization, ILOSTAT database. Data retrieved in April 2019.",
"SL.EMP.TOTL.SP.NE.ZS","Employment to population ratio, 15+, total (%) (national estimate)","Employment to population ratio is the proportion of a country's population that is employed. Employment is defined as persons of working age who, during a short reference period, were engaged in any activity to produce goods or provide services for pay or profit, whether at work during the reference period (i.e. who worked in a job for at least one hour) or not at work due to temporary absence from a job, or to working-time arrangements. Ages 15 and older are generally considered the working-age population.","International Labour Organization, ILOSTAT database. Data retrieved in April 2019.",
"SL.EMP.TOTL.SP.MA.ZS","Employment to population ratio, 15+, male (%) (modeled ILO estimate)","Employment to population ratio is the proportion of a country's population that is employed. Employment is defined as persons of working age who, during a short reference period, were engaged in any activity to produce goods or provide services for pay or profit, whether at work during the reference period (i.e. who worked in a job for at least one hour) or not at work due to temporary absence from a job, or to working-time arrangements. Ages 15 and older are generally considered the working-age population.","International Labour Organization, ILOSTAT database. Data retrieved in April 2019.",
"SL.EMP.TOTL.SP.MA.NE.ZS","Employment to population ratio, 15+, male (%) (national estimate)","Employment to population ratio is the proportion of a country's population that is employed. Employment is defined as persons of working age who, during a short reference period, were engaged in any activity to produce goods or provide services for pay or profit, whether at work during the reference period (i.e. who worked in a job for at least one hour) or not at work due to temporary absence from a job, or to working-time arrangements. Ages 15 and older are generally considered the working-age population.","International Labour Organization, ILOSTAT database. Data retrieved in April 2019.",
"SL.EMP.TOTL.SP.FE.ZS","Employment to population ratio, 15+, female (%) (modeled ILO estimate)","Employment to population ratio is the proportion of a country's population that is employed. Employment is defined as persons of working age who, during a short reference period, were engaged in any activity to produce goods or provide services for pay or profit, whether at work during the reference period (i.e. who worked in a job for at least one hour) or not at work due to temporary absence from a job, or to working-time arrangements. Ages 15 and older are generally considered the working-age population.","International Labour Organization, ILOSTAT database. Data retrieved in April 2019.",
"SL.EMP.TOTL.SP.FE.NE.ZS","Employment to population ratio, 15+, female (%) (national estimate)","Employment to population ratio is the proportion of a country's population that is employed. Employment is defined as persons of working age who, during a short reference period, were engaged in any activity to produce goods or provide services for pay or profit, whether at work during the reference period (i.e. who worked in a job for at least one hour) or not at work due to temporary absence from a job, or to working-time arrangements. Ages 15 and older are generally considered the working-age population.","International Labour Organization, ILOSTAT database. Data retrieved in April 2019.",
"SL.EMP.SMGT.FE.ZS","Female share of employment in senior and middle management (%) ","The proportion of females in total employment in senior and middle management. It corresponds to major group 1 in both ISCO-08 and ISCO-88 minus category 14 in ISCO-08 (hospitality, retail and other services managers) and minus category 13 in ISCO-88 (general managers), since these comprise mainly managers of small enterprises.","International Labour Organization, ILOSTAT database. Data retrieved in April 2019.",
"SL.EMP.SELF.ZS","Self-employed, total (% of total employment) (modeled ILO estimate)","Self-employed workers are those workers who, working on their own account or with one or a few partners or in cooperative, hold the type of jobs defined as a ""self-employment jobs."" i.e. jobs where the remuneration is directly dependent upon the profits derived from the goods and services produced. Self-employed workers include four sub-categories of employers, own-account workers, members of producers' cooperatives, and contributing family workers.","International Labour Organization, ILOSTAT database. Data retrieved in April 2019.",
"SL.EMP.SELF.MA.ZS","Self-employed, male (% of male employment) (modeled ILO estimate)","Self-employed workers are those workers who, working on their own account or with one or a few partners or in cooperative, hold the type of jobs defined as a ""self-employment jobs."" i.e. jobs where the remuneration is directly dependent upon the profits derived from the goods and services produced. Self-employed workers include four sub-categories of employers, own-account workers, members of producers' cooperatives, and contributing family workers.","International Labour Organization, ILOSTAT database. Data retrieved in April 2019.",
"SL.EMP.SELF.FE.ZS","Self-employed, female (% of female employment) (modeled ILO estimate)","Self-employed workers are those workers who, working on their own account or with one or a few partners or in cooperative, hold the type of jobs defined as a ""self-employment jobs."" i.e. jobs where the remuneration is directly dependent upon the profits derived from the goods and services produced. Self-employed workers include four sub-categories of employers, own-account workers, members of producers' cooperatives, and contributing family workers.","International Labour Organization, ILOSTAT database. Data retrieved in April 2019.",
"SL.EMP.MPYR.ZS","Employers, total (% of total employment) (modeled ILO estimate)","Employers are those workers who, working on their own account or with one or a few partners, hold the type of jobs defined as a ""self-employment jobs"" i.e. jobs where the remuneration is directly dependent upon the profits derived from the goods and services produced), and, in this capacity, have engaged, on a continuous basis, one or more persons to work for them as employee(s).","International Labour Organization, ILOSTAT database. Data retrieved in April 2019.",
"SL.EMP.MPYR.MA.ZS","Employers, male (% of male employment) (modeled ILO estimate)","Employers are those workers who, working on their own account or with one or a few partners, hold the type of jobs defined as a ""self-employment jobs"" i.e. jobs where the remuneration is directly dependent upon the profits derived from the goods and services produced), and, in this capacity, have engaged, on a continuous basis, one or more persons to work for them as employee(s).","International Labour Organization, ILOSTAT database. Data retrieved in April 2019.",
"SL.EMP.MPYR.FE.ZS","Employers, female (% of female employment) (modeled ILO estimate)","Employers are those workers who, working on their own account or with one or a few partners, hold the type of jobs defined as a ""self-employment jobs"" i.e. jobs where the remuneration is directly dependent upon the profits derived from the goods and services produced), and, in this capacity, have engaged, on a continuous basis, one or more persons to work for them as employee(s).","International Labour Organization, ILOSTAT database. Data retrieved in April 2019.",
"SL.EMP.1524.SP.ZS","Employment to population ratio, ages 15-24, total (%) (modeled ILO estimate)","Employment to population ratio is the proportion of a country's population that is employed. Employment is defined as persons of working age who, during a short reference period, were engaged in any activity to produce goods or provide services for pay or profit, whether at work during the reference period (i.e. who worked in a job for at least one hour) or not at work due to temporary absence from a job, or to working-time arrangements. Ages 15-24 are generally considered the youth population.","International Labour Organization, ILOSTAT database. Data retrieved in April 2019.",
"SL.EMP.1524.SP.NE.ZS","Employment to population ratio, ages 15-24, total (%) (national estimate)","Employment to population ratio is the proportion of a country's population that is employed. Employment is defined as persons of working age who, during a short reference period, were engaged in any activity to produce goods or provide services for pay or profit, whether at work during the reference period (i.e. who worked in a job for at least one hour) or not at work due to temporary absence from a job, or to working-time arrangements. Ages 15-24 are generally considered the youth population.","International Labour Organization, ILOSTAT database. Data retrieved in April 2019.",
"SL.EMP.1524.SP.MA.ZS","Employment to population ratio, ages 15-24, male (%) (modeled ILO estimate)","Employment to population ratio is the proportion of a country's population that is employed. Employment is defined as persons of working age who, during a short reference period, were engaged in any activity to produce goods or provide services for pay or profit, whether at work during the reference period (i.e. who worked in a job for at least one hour) or not at work due to temporary absence from a job, or to working-time arrangements. Ages 15-24 are generally considered the youth population.","International Labour Organization, ILOSTAT database. Data retrieved in April 2019.",
"SL.EMP.1524.SP.MA.NE.ZS","Employment to population ratio, ages 15-24, male (%) (national estimate)","Employment to population ratio is the proportion of a country's population that is employed. Employment is defined as persons of working age who, during a short reference period, were engaged in any activity to produce goods or provide services for pay or profit, whether at work during the reference period (i.e. who worked in a job for at least one hour) or not at work due to temporary absence from a job, or to working-time arrangements. Ages 15-24 are generally considered the youth population.","International Labour Organization, ILOSTAT database. Data retrieved in April 2019.",
"SL.EMP.1524.SP.FE.ZS","Employment to population ratio, ages 15-24, female (%) (modeled ILO estimate)","Employment to population ratio is the proportion of a country's population that is employed. Employment is defined as persons of working age who, during a short reference period, were engaged in any activity to produce goods or provide services for pay or profit, whether at work during the reference period (i.e. who worked in a job for at least one hour) or not at work due to temporary absence from a job, or to working-time arrangements. Ages 15-24 are generally considered the youth population.","International Labour Organization, ILOSTAT database. Data retrieved in April 2019.",
"SL.EMP.1524.SP.FE.NE.ZS","Employment to population ratio, ages 15-24, female (%) (national estimate)","Employment to population ratio is the proportion of a country's population that is employed. Employment is defined as persons of working age who, during a short reference period, were engaged in any activity to produce goods or provide services for pay or profit, whether at work during the reference period (i.e. who worked in a job for at least one hour) or not at work due to temporary absence from a job, or to working-time arrangements. Ages 15-24 are generally considered the youth population.","International Labour Organization, ILOSTAT database. Data retrieved in April 2019.",
"SL.AGR.EMPL.ZS","Employment in agriculture (% of total employment) (modeled ILO estimate)","Employment is defined as persons of working age who were engaged in any activity to produce goods or provide services for pay or profit, whether at work during the reference period or not at work due to temporary absence from a job, or to working-time arrangement. The agriculture sector consists of activities in agriculture, hunting, forestry and fishing, in accordance with division 1 (ISIC 2) or categories A-B (ISIC 3) or category A (ISIC 4).","International Labour Organization, ILOSTAT database. Data retrieved in April 2019.",
"SL.AGR.EMPL.MA.ZS","Employment in agriculture, male (% of male employment) (modeled ILO estimate)","Employment is defined as persons of working age who were engaged in any activity to produce goods or provide services for pay or profit, whether at work during the reference period or not at work due to temporary absence from a job, or to working-time arrangement. The agriculture sector consists of activities in agriculture, hunting, forestry and fishing, in accordance with division 1 (ISIC 2) or categories A-B (ISIC 3) or category A (ISIC 4).","International Labour Organization, ILOSTAT database. Data retrieved in April 2019.",
"SL.AGR.EMPL.FE.ZS","Employment in agriculture, female (% of female employment) (modeled ILO estimate)","Employment is defined as persons of working age who were engaged in any activity to produce goods or provide services for pay or profit, whether at work during the reference period or not at work due to temporary absence from a job, or to working-time arrangement. The agriculture sector consists of activities in agriculture, hunting, forestry and fishing, in accordance with division 1 (ISIC 2) or categories A-B (ISIC 3) or category A (ISIC 4).","International Labour Organization, ILOSTAT database. Data retrieved in April 2019.",
"SL.AGR.0714.ZS","Child employment in agriculture (% of economically active children ages 7-14)","Employment by economic activity refers to the distribution of economically active children by the major industrial categories of the International Standard Industrial Classification (ISIC). Agriculture corresponds to division 1 (ISIC revision 2), categories A and B (ISIC revision 3), or category A (ISIC revision 4) and includes hunting, forestry, and fishing. Economically active children refer to children involved in economic activity for at least one hour in the reference week of the survey.","Understanding Children's Work project based on data from ILO, UNICEF and the World Bank.",
"SL.AGR.0714.MA.ZS","Child employment in agriculture, male (% of male economically active children ages 7-14)","Employment by economic activity refers to the distribution of economically active children by the major industrial categories of the International Standard Industrial Classification (ISIC). Agriculture corresponds to division 1 (ISIC revision 2), categories A and B (ISIC revision 3), or category A (ISIC revision 4) and includes hunting, forestry, and fishing. Economically active children refer to children involved in economic activity for at least one hour in the reference week of the survey.","Understanding Children's Work project based on data from ILO, UNICEF and the World Bank.",
"SL.AGR.0714.FE.ZS","Child employment in agriculture, female (% of female economically active children ages 7-14)","Employment by economic activity refers to the distribution of economically active children by the major industrial categories of the International Standard Industrial Classification (ISIC). Agriculture corresponds to division 1 (ISIC revision 2), categories A and B (ISIC revision 3), or category A (ISIC revision 4) and includes hunting, forestry, and fishing. Economically active children refer to children involved in economic activity for at least one hour in the reference week of the survey.","Understanding Children's Work project based on data from ILO, UNICEF and the World Bank.",
"per_si_allsi.cov_q5_tot","Coverage of social insurance programs in richest quintile (% of population)","Coverage of social insurance programs shows the percentage of population participating in programs that provide old age contributory pensions (including survivors and disability) and social security and health insurance benefits (including occupational injury benefits, paid sick leave, maternity and other social insurance). Estimates include both direct and indirect beneficiaries.","ASPIRE: The Atlas of Social Protection - Indicators of Resilience and Equity, The World Bank. Data are based on national representative household surveys. (datatopics.worldbank.org/aspire/)",
"per_si_allsi.cov_q4_tot","Coverage of social insurance programs in 4th quintile (% of population)","Coverage of social insurance programs shows the percentage of population participating in programs that provide old age contributory pensions (including survivors and disability) and social security and health insurance benefits (including occupational injury benefits, paid sick leave, maternity and other social insurance). Estimates include both direct and indirect beneficiaries.","ASPIRE: The Atlas of Social Protection - Indicators of Resilience and Equity, The World Bank. Data are based on national representative household surveys. (datatopics.worldbank.org/aspire/)",
"per_si_allsi.cov_q3_tot","Coverage of social insurance programs in 3rd quintile (% of population)","Coverage of social insurance programs shows the percentage of population participating in programs that provide old age contributory pensions (including survivors and disability) and social security and health insurance benefits (including occupational injury benefits, paid sick leave, maternity and other social insurance). Estimates include both direct and indirect beneficiaries.","ASPIRE: The Atlas of Social Protection - Indicators of Resilience and Equity, The World Bank. Data are based on national representative household surveys. (datatopics.worldbank.org/aspire/)",
"per_si_allsi.cov_q2_tot","Coverage of social insurance programs in 2nd quintile (% of population)","Coverage of social insurance programs shows the percentage of population participating in programs that provide old age contributory pensions (including survivors and disability) and social security and health insurance benefits (including occupational injury benefits, paid sick leave, maternity and other social insurance). Estimates include both direct and indirect beneficiaries.","ASPIRE: The Atlas of Social Protection - Indicators of Resilience and Equity, The World Bank. Data are based on national representative household surveys. (datatopics.worldbank.org/aspire/)",
"per_si_allsi.cov_q1_tot","Coverage of social insurance programs in poorest quintile (% of population)","Coverage of social insurance programs shows the percentage of population participating in programs that provide old age contributory pensions (including survivors and disability) and social security and health insurance benefits (including occupational injury benefits, paid sick leave, maternity and other social insurance). Estimates include both direct and indirect beneficiaries.","ASPIRE: The Atlas of Social Protection - Indicators of Resilience and Equity, The World Bank. Data are based on national representative household surveys. (datatopics.worldbank.org/aspire/)",
"per_si_allsi.cov_pop_tot","Coverage of social insurance programs (% of population)","Coverage of social insurance programs shows the percentage of population participating in programs that provide old age contributory pensions (including survivors and disability) and social security and health insurance benefits (including occupational injury benefits, paid sick leave, maternity and other social insurance). Estimates include both direct and indirect beneficiaries.","ASPIRE: The Atlas of Social Protection - Indicators of Resilience and Equity, The World Bank. Data are based on national representative household surveys. (datatopics.worldbank.org/aspire/)",
"per_si_allsi.ben_q1_tot","Benefit incidence of social insurance programs to poorest quintile (% of total social insurance benefits)","Benefit incidence of social insurance programs to poorest quintile shows the percentage of total social insurance benefits received by the poorest 20% of the population. Social insurance programs include old age contributory pensions (including survivors and disability) and social security and health insurance benefits (including occupational injury benefits, paid sick leave, maternity and other social insurance). Estimates include both direct and indirect beneficiaries.","ASPIRE: The Atlas of Social Protection - Indicators of Resilience and Equity, The World Bank. Data are based on national representative household surveys. (datatopics.worldbank.org/aspire/)",
"per_si_allsi.adq_pop_tot","Adequacy of social insurance programs (% of total welfare of beneficiary households)","Adequacy of social insurance programs is measured by the total transfer amount received by the population participating in social insurance programs as a share of their total welfare. Welfare is defined as the total income or total expenditure of beneficiary households. Social insurance programs include old age contributory pensions (including survivors and disability) and social security and health insurance benefits (including occupational injury benefits, paid sick leave, maternity and other social insurance). Estimates include both direct and indirect beneficiaries.","ASPIRE: The Atlas of Social Protection - Indicators of Resilience and Equity, The World Bank. Data are based on national representative household surveys. (datatopics.worldbank.org/aspire/)",
"per_sa_allsa.cov_q5_tot","Coverage of social safety net programs in richest quintile (% of population)","Coverage of social safety net programs shows the percentage of population participating in cash transfers and last resort programs, noncontributory social pensions, other cash transfers programs (child, family and orphan allowances, birth and death grants, disability benefits, and other allowances), conditional cash transfers, in-kind food transfers (food stamps and vouchers, food rations, supplementary feeding, and emergency food distribution), school feeding, other social assistance programs (housing allowances, scholarships, fee waivers, health subsidies, and other social assistance) and public works programs (cash for work and food for work). Estimates include both direct and indirect beneficiaries.","ASPIRE: The Atlas of Social Protection - Indicators of Resilience and Equity, The World Bank. Data are based on national representative household surveys. (datatopics.worldbank.org/aspire/)",
"per_sa_allsa.cov_q4_tot","Coverage of social safety net programs in 4th quintile (% of population)","Coverage of social safety net programs shows the percentage of population participating in cash transfers and last resort programs, noncontributory social pensions, other cash transfers programs (child, family and orphan allowances, birth and death grants, disability benefits, and other allowances), conditional cash transfers, in-kind food transfers (food stamps and vouchers, food rations, supplementary feeding, and emergency food distribution), school feeding, other social assistance programs (housing allowances, scholarships, fee waivers, health subsidies, and other social assistance) and public works programs (cash for work and food for work). Estimates include both direct and indirect beneficiaries.","ASPIRE: The Atlas of Social Protection - Indicators of Resilience and Equity, The World Bank. Data are based on national representative household surveys. (datatopics.worldbank.org/aspire/)",
"per_sa_allsa.cov_q3_tot","Coverage of social safety net programs in 3rd quintile (% of population)","Coverage of social safety net programs shows the percentage of population participating in cash transfers and last resort programs, noncontributory social pensions, other cash transfers programs (child, family and orphan allowances, birth and death grants, disability benefits, and other allowances), conditional cash transfers, in-kind food transfers (food stamps and vouchers, food rations, supplementary feeding, and emergency food distribution), school feeding, other social assistance programs (housing allowances, scholarships, fee waivers, health subsidies, and other social assistance) and public works programs (cash for work and food for work). Estimates include both direct and indirect beneficiaries.","ASPIRE: The Atlas of Social Protection - Indicators of Resilience and Equity, The World Bank. Data are based on national representative household surveys. (datatopics.worldbank.org/aspire/)",
"per_sa_allsa.cov_q2_tot","Coverage of social safety net programs in 2nd quintile (% of population)","Coverage of social safety net programs shows the percentage of population participating in cash transfers and last resort programs, noncontributory social pensions, other cash transfers programs (child, family and orphan allowances, birth and death grants, disability benefits, and other allowances), conditional cash transfers, in-kind food transfers (food stamps and vouchers, food rations, supplementary feeding, and emergency food distribution), school feeding, other social assistance programs (housing allowances, scholarships, fee waivers, health subsidies, and other social assistance) and public works programs (cash for work and food for work). Estimates include both direct and indirect beneficiaries.","ASPIRE: The Atlas of Social Protection - Indicators of Resilience and Equity, The World Bank. Data are based on national representative household surveys. (datatopics.worldbank.org/aspire/)",
"per_sa_allsa.cov_q1_tot","Coverage of social safety net programs in poorest quintile (% of population)","Coverage of social safety net programs shows the percentage of population participating in cash transfers and last resort programs, noncontributory social pensions, other cash transfers programs (child, family and orphan allowances, birth and death grants, disability benefits, and other allowances), conditional cash transfers, in-kind food transfers (food stamps and vouchers, food rations, supplementary feeding, and emergency food distribution), school feeding, other social assistance programs (housing allowances, scholarships, fee waivers, health subsidies, and other social assistance) and public works programs (cash for work and food for work). Estimates include both direct and indirect beneficiaries.","ASPIRE: The Atlas of Social Protection - Indicators of Resilience and Equity, The World Bank. Data are based on national representative household surveys. (datatopics.worldbank.org/aspire/)",
"per_sa_allsa.cov_pop_tot","Coverage of social safety net programs (% of population)","Coverage of social safety net programs shows the percentage of population participating in cash transfers and last resort programs, noncontributory social pensions, other cash transfers programs (child, family and orphan allowances, birth and death grants, disability benefits, and other allowances), conditional cash transfers, in-kind food transfers (food stamps and vouchers, food rations, supplementary feeding, and emergency food distribution), school feeding, other social assistance programs (housing allowances, scholarships, fee waivers, health subsidies, and other social assistance) and public works programs (cash for work and food for work). Estimates include both direct and indirect beneficiaries.","ASPIRE: The Atlas of Social Protection - Indicators of Resilience and Equity, The World Bank. Data are based on national representative household surveys. (datatopics.worldbank.org/aspire/)",
"per_sa_allsa.ben_q1_tot","Benefit incidence of social safety net programs to poorest quintile (% of total safety net benefits)","Benefit incidence of social safety net programs to poorest quintile shows the percentage of total social safety net benefits received by the poorest 20% of the population. Social safety net programs include cash transfers and last resort programs, noncontributory social pensions, other cash transfers programs (child, family and orphan allowances, birth and death grants, disability benefits, and other allowances), conditional cash transfers, in-kind food transfers (food stamps and vouchers, food rations, supplementary feeding, and emergency food distribution), school feeding, other social assistance programs (housing allowances, scholarships, fee waivers, health subsidies, and other social assistance) and public works programs (cash for work and food for work). Estimates include both direct and indirect beneficiaries.","ASPIRE: The Atlas of Social Protection - Indicators of Resilience and Equity, The World Bank. Data are based on national representative household surveys. (datatopics.worldbank.org/aspire/)",
"per_sa_allsa.adq_pop_tot","Adequacy of social safety net programs (% of total welfare of beneficiary households)","Adequacy of social safety net programs is measured by the total transfer amount received by the population participating in social safety net programs as a share of their total welfare. Welfare is defined as the total income or total expenditure of beneficiary households. Social safety net programs include cash transfers and last resort programs, noncontributory social pensions, other cash transfers programs (child, family and orphan allowances, birth and death grants, disability benefits, and other allowances), conditional cash transfers, in-kind food transfers (food stamps and vouchers, food rations, supplementary feeding, and emergency food distribution), school feeding, other social assistance programs (housing allowances, scholarships, fee waivers, health subsidies, and other social assistance) and public works programs (cash for work and food for work). Estimates include both direct and indirect beneficiaries.","ASPIRE: The Atlas of Social Protection - Indicators of Resilience and Equity, The World Bank. Data are based on national representative household surveys. (datatopics.worldbank.org/aspire/)",
"per_lm_alllm.cov_q5_tot","Coverage of unemployment benefits and ALMP in richest quintile (% of population)","Coverage of unemployment benefits and active labor market programs (ALMP) shows the percentage of population participating in unemployment compensation, severance pay, and early retirement due to labor market reasons, labor market services (intermediation), training (vocational, life skills, and cash for training), job rotation and job sharing, employment incentives and wage subsidies, supported employment and rehabilitation, and employment measures for the disabled. Estimates include both direct and indirect beneficiaries.","ASPIRE: The Atlas of Social Protection - Indicators of Resilience and Equity, The World Bank. Data are based on national representative household surveys. (datatopics.worldbank.org/aspire/)",
"per_lm_alllm.cov_q4_tot","Coverage of unemployment benefits and ALMP in 4th quintile (% of population)","Coverage of unemployment benefits and active labor market programs (ALMP) shows the percentage of population participating in unemployment compensation, severance pay, and early retirement due to labor market reasons, labor market services (intermediation), training (vocational, life skills, and cash for training), job rotation and job sharing, employment incentives and wage subsidies, supported employment and rehabilitation, and employment measures for the disabled. Estimates include both direct and indirect beneficiaries.","ASPIRE: The Atlas of Social Protection - Indicators of Resilience and Equity, The World Bank. Data are based on national representative household surveys. (datatopics.worldbank.org/aspire/)",
"per_lm_alllm.cov_q3_tot","Coverage of unemployment benefits and ALMP in 3rd quintile (% of population)","Coverage of unemployment benefits and active labor market programs (ALMP) shows the percentage of population participating in unemployment compensation, severance pay, and early retirement due to labor market reasons, labor market services (intermediation), training (vocational, life skills, and cash for training), job rotation and job sharing, employment incentives and wage subsidies, supported employment and rehabilitation, and employment measures for the disabled. Estimates include both direct and indirect beneficiaries.","ASPIRE: The Atlas of Social Protection - Indicators of Resilience and Equity, The World Bank. Data are based on national representative household surveys. (datatopics.worldbank.org/aspire/)",
"per_lm_alllm.cov_q2_tot","Coverage of unemployment benefits and ALMP in 2nd quintile (% of population)","Coverage of unemployment benefits and active labor market programs (ALMP) shows the percentage of population participating in unemployment compensation, severance pay, and early retirement due to labor market reasons, labor market services (intermediation), training (vocational, life skills, and cash for training), job rotation and job sharing, employment incentives and wage subsidies, supported employment and rehabilitation, and employment measures for the disabled. Estimates include both direct and indirect beneficiaries.","ASPIRE: The Atlas of Social Protection - Indicators of Resilience and Equity, The World Bank. Data are based on national representative household surveys. (datatopics.worldbank.org/aspire/)",
"per_lm_alllm.cov_q1_tot","Coverage of unemployment benefits and ALMP in poorest quintile (% of population)","Coverage of unemployment benefits and active labor market programs (ALMP) shows the percentage of population participating in unemployment compensation, severance pay, and early retirement due to labor market reasons, labor market services (intermediation), training (vocational, life skills, and cash for training), job rotation and job sharing, employment incentives and wage subsidies, supported employment and rehabilitation, and employment measures for the disabled. Estimates include both direct and indirect beneficiaries.","ASPIRE: The Atlas of Social Protection - Indicators of Resilience and Equity, The World Bank. Data are based on national representative household surveys. (datatopics.worldbank.org/aspire/)",
"per_lm_alllm.cov_pop_tot","Coverage of unemployment benefits and ALMP (% of population)","Coverage of unemployment benefits and active labor market programs (ALMP) shows the percentage of population participating in unemployment compensation, severance pay, and early retirement due to labor market reasons, labor market services (intermediation), training (vocational, life skills, and cash for training), job rotation and job sharing, employment incentives and wage subsidies, supported employment and rehabilitation, and employment measures for the disabled. Estimates include both direct and indirect beneficiaries.","ASPIRE: The Atlas of Social Protection - Indicators of Resilience and Equity, The World Bank. Data are based on national representative household surveys. (datatopics.worldbank.org/aspire/)",
"per_lm_alllm.ben_q1_tot","Benefit incidence of unemployment benefits and ALMP to poorest quintile (% of total U/ALMP benefits)","Benefit incidence of unemployment benefits and active labor market programs (ALMP) to poorest quintile shows the percentage of total unemployment and active labor market programs benefits received by the poorest 20% of the population. Unemployment benefits and active labor market programs include unemployment compensation, severance pay, and early retirement due to labor market reasons, labor market services (intermediation), training (vocational, life skills, and cash for training), job rotation and job sharing, employment incentives and wage subsidies, supported employment and rehabilitation, and employment measures for the disabled. Estimates include both direct and indirect beneficiaries.","ASPIRE: The Atlas of Social Protection - Indicators of Resilience and Equity, The World Bank. Data are based on national representative household surveys. (datatopics.worldbank.org/aspire/)",
"per_lm_alllm.adq_pop_tot","Adequacy of unemployment benefits and ALMP (% of total welfare of beneficiary households)","Adequacy of unemployment benefits and active labor market programs (ALMP) is measured by the total transfer amount received by the population participating in unemployment benefits and active labor market programs as a share of their total welfare. Welfare is defined as the total income or total expenditure of beneficiary households. Unemployment benefits and active labor market programs include unemployment compensation, severance pay, and early retirement due to labor market reasons, labor market services (intermediation), training (vocational, life skills, and cash for training), job rotation and job sharing, employment incentives and wage subsidies, supported employment and rehabilitation, and employment measures for the disabled. Estimates include both direct and indirect beneficiaries.","ASPIRE: The Atlas of Social Protection - Indicators of Resilience and Equity, The World Bank. Data are based on national representative household surveys. (datatopics.worldbank.org/aspire/)",
"per_allsp.cov_pop_tot","Coverage of social protection and labor programs (% of population)","Coverage of social protection and labor programs (SPL) shows the percentage of population participating in social insurance, social safety net, and unemployment benefits and active labor market programs. Estimates include both direct and indirect beneficiaries.","ASPIRE: The Atlas of Social Protection - Indicators of Resilience and Equity, The World Bank. Data are based on national representative household surveys. (datatopics.worldbank.org/aspire/)",
"per_allsp.ben_q1_tot","Benefit incidence of social protection and labor programs to poorest quintile (% of total SPL benefits)","Benefit incidence of social protection and labor programs (SPL) to poorest quintile shows the percentage of total social protection and labor programs benefits received by the poorest 20% of the population. Social protection and labor programs include social insurance, social safety nets, and unemployment benefits and active labor market programs. Estimates include both direct and indirect beneficiaries.","ASPIRE: The Atlas of Social Protection - Indicators of Resilience and Equity, The World Bank. Data are based on national representative household surveys. (datatopics.worldbank.org/aspire/)",
"per_allsp.adq_pop_tot","Adequacy of social protection and labor programs (% of total welfare of beneficiary households)","Adequacy of social protection and labor programs (SPL) is measured by the total transfer amount received by the population participating in social insurance, social safety net, and unemployment benefits and active labor market programs as a share of their total welfare. Welfare is defined as the total income or total expenditure of beneficiary households. Estimates include both direct and indirect beneficiaries.","ASPIRE: The Atlas of Social Protection - Indicators of Resilience and Equity, The World Bank. Data are based on national representative household surveys. (datatopics.worldbank.org/aspire/)",
